run,crude_price,gasoline_price,diesel_price,profit,crude_processed
1,62.9802849180674,88.75562128945934,90.50535257385589,313661.81,100000.0
2,69.13817913844815,87.89261962748998,83.00983586593196,-172956.84,22222.22
3,69.47527689304435,96.90691256237618,81.0094677195529,-105863.39,22222.22
4,63.25536026151579,85.82924076468784,81.04129709465282,-78172.18,22222.22
5,61.45177362939621,72.78047779807981,70.33819842363923,-251826.43,22222.22
6,56.626274824554166,80.88451991699019,87.67110232705983,495664.5,100000.0
7,54.55185554687274,77.28926668798238,97.45801453583321,883861.96,100000.0
8,58.64534219708079,90.60775384219131,72.88964041718562,213952.12,100000.0
9,56.7337036528489,90.9983033073888,75.21655459191042,504132.69,100000.0
10,62.25418811007403,84.59425179073075,82.52060312675715,-56768.08,22222.22
11,56.389760326623616,106.67050366058044,84.88527358972756,1582181.21,100000.0
12,53.6537344262646,97.4029042089287,74.6228289752463,1079556.26,100000.0
13,61.25318157002853,72.36296888508201,73.71041858436334,-225359.98,22222.22
14,61.181167415214745,96.64619921995869,86.45663039011475,706944.29,100000.0
15,59.30611030567056,87.2900667396964,72.43256308187686,-17418.32,100000.0
16,55.680934749631746,85.85425106136191,93.98553892286078,1034841.69,100000.0
17,62.061709737410766,74.1326386017354,87.75471373985576,-116397.17,22222.22
18,57.6895063175021,83.90770199724638,90.19924845514738,613869.65,100000.0
19,66.18599713497571,98.38152107204579,77.86665105260758,-16098.48,100000.0
20,58.14472574489271,92.98137088263208,93.29213358054005,1084913.79,100000.0
21,57.12495457292826,88.32906921002565,75.59615272094877,358178.0,100000.0
22,52.82276025551597,97.31273240154778,96.528040242852,1925278.34,100000.0
23,59.567939270517996,99.03179608102822,88.07390621290489,1032223.61,100000.0
24,56.12928147236926,93.25256044957572,98.07331081496073,1466002.95,100000.0
25,59.78504376534029,104.08179290232606,62.732166615237176,350802.14,100000.0
26,64.93141502625134,90.78342361414354,82.45843752104012,-54853.81,22222.22
27,60.550564659213016,72.11187976859196,83.13278895338115,-138972.06,22222.22
28,62.14267542907048,103.30104640267365,80.594703144674,705094.16,100000.0
29,55.149038382640875,85.48418660773918,92.78091800046764,1029216.69,100000.0
30,61.97250665795811,85.23215816609665,89.36277318146352,215893.51,100000.0
31,60.582465296088245,98.717804914796,79.0325487020425,600193.9,100000.0
32,58.03402712041339,86.47102662181058,72.560122940877,77397.79,100000.0
33,61.77672166238746,92.34949744961901,85.04346438146092,404576.47,100000.0
34,58.59247719974912,77.26166332154628,81.42451475649445,-57247.75,22222.22
35,57.94371290083939,82.77950457700543,83.62907145083892,307723.92,100000.0
36,62.42430514088723,106.97567311089477,86.48391140907063,1048411.68,100000.0
37,61.545302344336584,89.3299867581045,68.69044466995814,-101225.61,22222.22
38,59.840916747304696,90.54207188946924,105.93755795612493,1248116.09,100000.0
39,58.84583421131327,92.71392608100251,84.70494995750543,702216.5,100000.0
40,52.987931774282806,100.28540533063519,91.39143077783758,1862750.14,100000.0
41,64.74619168225829,81.81551290684735,96.92375164295684,49410.22,100000.0
42,51.588893623246314,95.28171384420243,103.61887281938482,2205448.31,100000.0
43,54.05678204921587,84.90332043357505,85.84703660324494,869617.5,100000.0
44,56.97914607530281,76.0440291204048,85.58278528585123,169464.19,100000.0
45,53.62617771764337,94.26233187571664,77.18489400901268,1030658.45,100000.0
46,69.29960643010523,82.95072036897386,82.26247711225176,-231775.89,22222.22
47,64.88110330421802,78.92222115209441,86.9334094441351,-137542.46,22222.22
48,67.84285652569457,75.53265088894895,86.56938779752458,-240086.18,22222.22
49,61.559296765490544,97.03640584599579,74.4859189575363,267715.75,100000.0
50,52.07726032149434,94.69747409055208,87.52436972248208,1567013.24,100000.0
51,61.50295710207526,93.11803388547278,79.21978986658283,262708.46,100000.0
52,61.393522182966024,92.63765225968812,78.92801294677588,241822.59,100000.0
53,71.19464706686854,94.26449628820609,74.87392027377749,-218216.7,22222.22
54,63.93932165180298,81.2278649679541,91.69021913181084,-56560.13,22222.22
55,66.95157347404442,82.6138591348346,93.18869709857674,-97984.29,22222.22
56,62.47668556161899,97.3985414399504,101.12274035255855,1124561.72,100000.0
57,58.52767130398278,83.2163745207826,77.43912734818305,52339.18,100000.0
58,55.10513829020737,89.30608461527306,87.89979178594147,1034752.69,100000.0
59,61.660144795980116,97.44464924132421,85.11051608096221,647862.8,100000.0
60,68.7212044629439,87.61808850085839,108.12143791601176,304943.86,100000.0
61,63.75400408659004,82.28558199225346,75.89741376648054,-164697.72,22222.22
62,62.894834491459115,87.98883493206735,91.06900419978278,307429.27,100000.0
63,62.83942574744127,89.34453978608815,77.80225339641856,-58968.76,22222.22
64,50.91091665188481,85.98136543139681,92.27938975174952,1457848.42,100000.0
65,61.284562464781224,78.78835099159211,86.47203786973505,-62546.47,22222.22
66,62.31190427837302,82.0452830741898,86.30666340053699,-54093.22,22222.22
67,60.349252310676,79.71326731952439,88.0411925629604,83613.54,100000.0
68,63.364707158209406,99.74746118857749,93.95731744229667,890671.15,100000.0
69,51.733983792257455,81.5595746407639,89.3777997712736,1075005.47,100000.0
70,63.082715705473255,94.63542917675443,117.74821767056514,1521510.36,100000.0
71,63.425343064159,100.22009076162539,93.10901498969221,876185.3,100000.0
72,63.90834750783479,87.16257679823688,91.45123837419277,182274.55,100000.0
73,55.36304871277457,87.86863253933993,80.87440984345263,698387.94,100000.0
74,60.49124483631793,110.83192710006158,69.12824586297015,807800.84,100000.0
75,64.11756114224708,75.48555715929314,80.98857914078981,-201179.06,22222.22
76,66.53370358180419,90.57852017185917,75.83916938760089,-143992.45,22222.22
77,55.70817774444019,96.11637974041209,78.79188363040434,962135.24,100000.0
78,61.298751537491846,90.41014655913432,79.46139704535055,169730.34,100000.0
79,72.86366453595195,95.7052712008621,67.78628801341034,-296024.26,22222.22
80,61.11872588861657,84.04392181708451,92.2456833457679,348702.81,100000.0
81,55.244875569403796,88.9673720267979,89.29239187133389,1054277.9,100000.0
82,65.19453116502073,79.19733233649802,82.15673949535194,-178908.28,22222.22
83,57.150328133034265,84.12003690683659,100.00636104238933,1020591.48,100000.0
84,62.429890265765735,78.65204441098459,92.8018265499656,-5583.1,100000.0
85,72.7329371820758,99.29218734496033,72.08535528939089,-223812.86,22222.22
86,57.09459556280249,101.4022003426796,78.98480954224037,1068107.79,100000.0
87,62.66291656887737,96.97170648086403,77.1210909915863,246673.32,100000.0
88,59.6428478636292,60.82859393937835,76.29270504865853,-284834.08,22222.22
89,58.484591091641036,78.76995136231636,98.8754960834189,606831.07,100000.0
90,51.4191517322362,86.03959961972714,86.11129490693178,1193762.13,100000.0
91,68.64763973439669,77.07724063938505,94.88689189331716,-177832.65,22222.22
92,60.06139836611752,81.16642214056844,88.9278795312378,208824.94,100000.0
93,61.19435817344082,84.59804810557085,85.59331772241516,133242.47,100000.0
94,57.68811841882944,91.02165610726124,90.6281107334289,949146.56,100000.0
95,69.51610089687212,78.85966051055836,103.13078368457826,-115188.43,22222.22
96,48.28747320286499,88.63393414467976,90.0006962551189,1759804.09,100000.0
97,61.685951206410195,84.39570432161466,83.23096087196316,-7704.8,100000.0
98,57.041994392047,84.6957171875021,92.2216178246787,784864.46,100000.0
99,62.142092915790286,83.76381364265411,92.64659894118263,247793.29,100000.0
100,61.843797125259655,97.31575906955064,90.3518451563507,807144.03,100000.0
101,55.026029934467566,84.95837063822728,91.35199564354772,967843.53,100000.0
102,63.66222159260079,89.81188565432267,85.99728275812464,135217.59,100000.0
103,67.66598937473054,84.67585750047753,89.65032773994533,-120760.86,22222.22
104,58.78684408539664,88.04086917095502,94.33960324189111,835040.82,100000.0
105,64.95249809392818,97.32158672400574,96.0965698608118,697601.54,100000.0
106,60.12602304979655,96.13757674165467,82.36273256895562,646284.29,100000.0
107,61.944998114930655,88.82871251069083,85.8244657024381,256648.55,100000.0
108,63.570942152621484,82.63601385089875,102.7852918433264,409011.62,100000.0
109,53.96389571100179,79.07230248491041,94.84394242475058,931402.03,100000.0
110,64.74997616377762,95.6170783534694,90.34093682874638,439703.7,100000.0
111,59.92651936291851,81.92471065662751,85.64433874464667,141511.9,100000.0
112,55.93702973092733,98.77607760075976,83.75001225723182,1232470.95,100000.0
113,55.04701681924493,87.10752742512305,88.5099173613428,962984.16,100000.0
114,56.61765268317615,82.60001643990212,87.07134129768126,552732.42,100000.0
115,61.46979942665234,85.43751142165983,80.99617440224425,-17425.82,100000.0
116,61.39229962414582,76.96724092652408,73.03655791779929,-187649.91,22222.22
117,55.68933467248539,88.07897563459338,87.64271430758303,912115.44,100000.0
118,68.85213730169731,97.71893660881817,83.64052249531088,-63431.84,22222.22
119,59.88590275258387,80.97723571825972,84.84263834406468,74877.67,100000.0
120,58.26804816647917,92.9044670430428,77.96853697980525,532794.99,100000.0
121,63.11607908544703,103.7946502170232,84.0755387381167,751795.21,100000.0
122,62.41027033259365,96.21129592540001,81.5896259889704,394118.19,100000.0
123,61.3445548908625,90.11333160703616,85.83024683766507,374703.07,100000.0
124,55.3619412968672,90.22059156833049,89.23298547558632,1096886.98,100000.0
125,68.70686164677025,98.63343743476686,103.30205088884823,633390.3,100000.0
126,55.395914622671704,97.8508857304861,86.55840704877599,1343242.64,100000.0
127,73.13881759930604,82.72531543180364,77.8623643414634,-353568.85,22222.22
128,56.403644127335866,70.88493848121173,80.53108231571353,-79323.18,22222.22
129,55.445204030677814,91.35354407828586,87.90492579410585,1093061.48,100000.0
130,71.25702503529531,98.55381454367445,80.09631892686957,-136091.04,22222.22
131,54.60951197190985,94.42727254355856,73.77801774032454,820506.69,100000.0
132,70.98875259512613,100.61496108649158,81.01200695711,-102395.95,22222.22
133,49.721192825454736,102.18485136748872,84.02641131535275,2017123.43,100000.0
134,67.42689787184077,75.6501510708507,79.90531230489293,-281499.35,22222.22
135,60.0314621983091,90.42282534388268,81.17444349242643,356986.44,100000.0
136,63.737099594084995,80.39141613555665,83.789774377319,-121878.7,22222.22
137,60.72177379027139,94.62994950652875,91.04872646375556,822875.77,100000.0
138,53.252147448972785,76.1929724633794,95.86025298613733,908577.87,100000.0
139,61.99388407187755,83.26362117099102,98.18479179194145,433942.26,100000.0
140,60.69404780575715,100.61367465657443,85.57390709198593,903297.33,100000.0
141,72.36448754929192,105.79806758198885,82.88380473792787,-66578.34,22222.22
142,65.82942570572614,95.80838354626633,96.63336823902496,560602.58,100000.0
143,54.21045923651937,96.17446313998596,93.99660813822149,1646686.2,100000.0
144,49.44756308146131,79.35067338600803,67.66652648903914,444352.42,100000.0
145,58.383558993332656,96.45788030216366,97.77003494281624,1374199.94,100000.0
146,60.44456868251865,104.65753991014162,73.26913760517343,679552.24,100000.0
147,49.77970536386907,89.50007070993043,88.26455631598411,1588792.12,100000.0
148,59.80383151143544,71.39302109964112,84.2424796641413,-120935.65,22222.22
149,52.17318299697088,96.02705293947035,88.11608509182321,1637962.06,100000.0
150,54.36072128203587,85.37519774396976,75.99668506394391,515695.75,100000.0
151,59.62392541636097,98.59628088451115,76.62132860614788,606186.6,100000.0
152,63.02427909310707,85.22768143464803,78.26058092577007,-100680.42,22222.22
153,59.35781784027265,80.68281909822564,80.29398090454896,-44765.59,100000.0
154,52.812732644466905,107.68252619624751,85.2997401917597,1999931.32,100000.0
155,55.801646952044486,91.925819196608,84.04521157762795,948079.57,100000.0
156,58.67418240280066,95.52750030039083,91.4388155354021,1081677.82,100000.0
157,56.81699311433684,84.81763583419789,82.66206057421103,478266.42,100000.0
158,46.188473011586495,76.36328044021303,96.61843127327846,1649145.41,100000.0
159,69.8698062810077,87.75867564399259,89.90073418597402,-136958.78,22222.22
160,61.86750092726122,117.70992727609715,94.5163867471939,1868270.17,100000.0
161,59.2324944511154,81.40013603459617,71.34520627781063,-108480.25,22222.22
162,61.22078181520334,83.19284329244127,72.91084346841977,-122560.16,22222.22
163,56.120562694544844,80.26606796747045,99.3407038981168,926841.43,100000.0
164,65.2898385416967,89.92824622815044,97.57952518056521,383070.61,100000.0
165,60.46420984588571,82.24844218804563,97.94655465679209,532888.33,100000.0
166,63.233460262107954,80.66478461106189,83.38212123628934,-111123.66,22222.22
167,54.74629047969145,77.55480242132097,92.87250915401896,715874.88,100000.0
168,71.45649984282079,77.41289183562773,89.78523851186985,-276574.78,22222.22
169,56.09614458526904,85.61587154611773,79.96465164396962,491862.57,100000.0
170,54.8160553819211,90.43669465150344,77.93692401050617,765838.06,100000.0
171,61.62274095467903,89.54785701495777,82.96894160163552,221292.43,100000.0
172,54.554618027750415,84.809058024885,91.42082541951892,1010674.7,100000.0
173,63.00550312574629,81.20200279681305,85.84432459614843,-81535.29,22222.22
174,64.50832274023074,74.97535246990765,89.61856163522945,-147842.61,22222.22
175,56.02425744632492,95.13538801733843,78.5122971693886,876597.12,100000.0
176,49.17070739601289,75.35211805905153,85.40872204662175,913079.84,100000.0
177,61.55833501032889,81.86115037406032,90.42803589960768,142899.52,100000.0
178,50.03087962638624,89.40528181217415,74.70636230201912,1084872.4,100000.0
179,56.08898335318705,90.42658804184772,77.6864863950864,629325.15,100000.0
180,57.69266673462105,99.05663528292996,80.09641910905323,941656.58,100000.0
181,65.01415267239085,79.83263830808144,89.5033355122799,-111406.62,22222.22
182,68.6494117239474,67.7551994988544,78.22639032850094,-400674.12,22222.22
183,63.46243276308324,88.17259152561307,88.15473992365612,156939.24,100000.0
184,56.37608887970508,90.7793080872561,83.67674349916733,826146.0,100000.0
185,67.00669236995884,92.28978758971091,87.86962262763922,-22192.0,100000.0
186,57.52873820326519,85.61154398334756,81.32325540353322,395959.6,100000.0
187,62.36671285426978,86.21113967261763,87.4630862836195,154038.02,100000.0
188,72.45240479187264,97.84012233088524,82.22879997657336,-153205.99,22222.22
189,67.20728353298367,86.32732164280604,67.67594145098823,-264964.65,22222.22
190,53.95148213449558,73.1628727107673,82.01213538564888,217605.8,100000.0
191,60.11051027513731,105.08793581047755,87.77888267699538,1240166.98,100000.0
192,58.68539682714682,97.4646502306514,66.20534987343298,284556.82,100000.0
193,61.41368734865139,96.9377867449827,72.43201691087134,205952.26,100000.0
194,66.86252425924158,93.04646766744973,81.47005273184318,-82824.34,22222.22
195,63.79669119663771,110.43623572023957,86.54586316799721,1069066.7,100000.0
196,61.48932351780201,85.86575190413781,77.77632285954927,-63956.05,22222.22
197,64.98201489926548,82.2952455668202,85.60831301636483,-116361.0,22222.22
198,57.1340553194093,94.31081843171752,87.83612789493905,1054845.77,100000.0
199,66.22523966554739,85.40985241030728,82.70606305000635,-135415.2,22222.22
200,54.12741770530616,86.001360659315,88.20705419088124,994566.36,100000.0
201,64.54193169987211,81.70051208240137,92.39165032089811,-59769.41,22222.22
202,68.13382715282971,93.72091412901331,100.95276440674355,387405.17,100000.0
203,55.35726480537856,78.79810767019725,69.88087788431363,-59773.54,22222.22
204,68.9762658689351,95.88929090718652,84.52753029726114,-77587.76,22222.22
205,61.67981175791892,79.87059857431461,105.78889182674303,578806.97,100000.0
206,60.775327091851366,90.98455315144403,91.16901630313887,657687.75,100000.0
207,62.88605539042028,92.01495621851218,78.28096712871485,41901.34,100000.0
208,62.828810142815975,106.9382204682753,96.4360703923173,1354601.37,100000.0
209,69.55911975983638,85.39905891211933,76.58835902780206,-257191.5,22222.22
210,59.24527847940211,90.50152421059825,94.30062790700306,898562.72,100000.0
211,49.84521222171108,103.76595287514553,83.65693286207859,2062939.31,100000.0
212,57.43871358031548,80.8910606226585,70.93371828914096,-76909.66,22222.22
213,64.9390235037715,90.65986170469563,74.03533235220104,-121771.54,22222.22
214,52.2295273676183,86.97793770638884,99.18668296495984,1612588.36,100000.0
215,58.44245189181837,76.47171342193704,82.91118395526948,-50250.37,22222.22
216,58.363658581513974,65.72802021352585,84.5384936345986,-143279.48,22222.22
217,58.61439281874793,96.26585728332077,100.71612680703544,1445588.73,100000.0
218,66.75939017728655,87.58000178500653,75.5945297756958,-180895.64,22222.22
219,75.44015881949916,90.5329659061304,85.11839898126004,-270197.43,22222.22
220,59.85524947733998,91.7827628469107,83.77293649864649,526752.16,100000.0
221,56.55802795871858,85.07826952883647,84.72159720316401,587975.24,100000.0
222,56.73945137319741,83.58438795590553,85.90465693538113,544015.31,100000.0
223,58.47013669547487,103.5359368972442,62.4667566286594,448439.97,100000.0
224,66.54904111153478,101.21476673247867,67.37618302453073,-103794.04,22222.22
225,57.943874435517905,86.65703220603788,73.03615059489852,111444.28,100000.0
226,55.333099874454746,80.00481739080755,99.8942987691008,1013207.25,100000.0
227,65.61407035888476,101.44399585494743,91.1342125443675,643270.22,100000.0
228,53.22568937269662,85.27931760348204,89.1596837704373,1085589.29,100000.0
229,52.66723314664833,96.41698587155149,82.95723411565585,1425544.24,100000.0
230,57.75107515470241,96.39863971383143,88.77623814763133,1119999.61,100000.0
231,57.83420300508552,100.43396823027823,75.81096171540088,839491.93,100000.0
232,63.69561364166558,95.33791132171545,82.36885526583109,253554.58,100000.0
233,61.95679813345271,78.73997781253227,92.85422966325866,47517.23,100000.0
234,58.89058718134206,85.29549281532864,93.91657841961356,686318.7,100000.0
235,55.773937856743444,77.32384833272796,71.76865202504682,-69092.84,22222.22
236,63.63605970807384,78.47613582753345,99.9157505468671,114871.41,100000.0
237,47.508423552697664,105.26810731461035,86.79364847122226,2474000.17,100000.0
238,59.41972132877765,85.09572821871946,88.39265697199261,431078.63,100000.0
239,59.77419178545091,99.92971693814869,85.97093501362734,978400.81,100000.0
240,60.90181056877127,86.72749009007529,84.51596219837093,220614.67,100000.0
241,61.84681061335235,74.60848446609037,73.54042391210143,-217418.76,22222.22
242,64.45958456413629,91.53778894315148,83.43614164100222,43507.0,100000.0
243,60.11060359839236,93.12823534825505,80.41204271737043,444131.73,100000.0
244,55.33017164758613,91.76260729587914,76.68383139027223,730234.26,100000.0
245,62.44951653428683,74.67674756185943,93.74782291726797,-72960.94,22222.22
246,62.83558489447826,92.30426760882489,93.35287336353687,587484.12,100000.0
247,69.99284666677546,99.12933058516317,69.35256903368102,-185805.53,22222.22
248,52.32253819958579,84.37663280073889,85.22177392679208,997456.74,100000.0
249,63.10595412281474,83.46830568161882,86.58751749805516,-55324.12,22222.22
250,55.46770240588006,84.49633977307246,73.04338067679011,262083.37,100000.0
251,54.46060052333458,77.834838549453,76.70507734969267,191185.39,100000.0
252,66.32185077964704,81.45541000051252,107.37524755111782,241442.04,100000.0
253,62.959907405285335,91.66352511325387,77.70395886845968,-1493.55,100000.0
254,64.20185927645394,84.81925956386003,86.03708342448557,-70449.18,22222.22
255,75.36050722961276,89.13546090247816,94.76882327342824,-207343.59,22222.22
256,55.78094144924468,89.68510358552734,100.05180540290183,1409548.71,100000.0
257,56.238197653273396,106.31203702197236,91.01589145137154,1795778.1,100000.0
258,56.625199344634396,95.6916696514997,93.2667128218272,1357940.15,100000.0
259,63.73085977330318,75.86797752098589,78.81933400548861,-205633.4,22222.22
260,58.514888186690975,89.33009913809958,90.27571282918076,778015.59,100000.0
261,61.066206005599525,77.98190077160909,88.23168173355069,-52072.49,22222.22
262,63.66351447170294,95.03811403137937,94.18663616721429,656895.95,100000.0
263,65.00353292729342,94.13262071305593,84.4035914526015,139740.34,100000.0
264,50.03423439890405,93.86656397219328,86.76534534088644,1707359.03,100000.0
265,61.62947302317224,78.50926281761721,75.81101940652977,-155921.07,22222.22
266,66.31891711999742,89.6440036152901,90.79275592766732,29834.91,100000.0
267,60.169910256782764,90.26780525546171,92.97541235079598,749199.64,100000.0
268,56.90373163069576,90.86508699246885,81.07066004600713,686028.85,100000.0
269,57.393022635406105,87.21745088878225,86.88813705888656,676567.82,100000.0
270,57.127508270019135,101.30180513016168,77.39583793113422,1004684.73,100000.0
271,58.87877013503184,86.04242047553242,97.29931201700673,839507.83,100000.0
272,61.17932865906945,99.28660085521771,72.37273682918574,333009.96,100000.0
273,61.60230159521555,98.00667716061093,85.69941390884111,699549.8,100000.0
274,66.3928822503921,85.34440394909664,96.97945324157743,45490.82,100000.0
275,73.7933887417155,86.73445295604307,81.21322856809344,-301961.22,22222.22
276,68.72030686270621,104.21614931157642,80.55568976919722,87145.17,100000.0
277,57.47887909742486,87.46393852025544,73.57217065620864,213015.3,100000.0
278,54.48808832109481,80.96273309923139,78.4737206966149,391094.38,100000.0
279,59.79189067567931,92.10793259282869,98.17925418891966,1051941.8,100000.0
280,54.00987575556725,98.85890158628925,83.18109482408317,1409001.31,100000.0
281,59.7032177420854,96.07337542949944,75.45686281672046,443970.32,100000.0
282,62.29445847710431,91.4980698739175,89.18583574406927,459471.55,100000.0
283,61.73501186344691,112.09770125919805,79.57921013386381,1106167.73,100000.0
284,56.81401826998909,84.39173526217712,80.27844448713783,375971.82,100000.0
285,56.175677236160894,100.70114877996797,97.07428610791376,1761583.99,100000.0
286,56.575522237503144,82.50879984206195,89.00703222928443,620589.9,100000.0
287,56.68666173431417,95.69638635979959,86.72484567723605,1123040.81,100000.0
288,50.90553531001661,103.92754681197056,100.26496022131194,2545459.68,100000.0
289,56.32326785709368,86.51068596057614,87.4298558211617,770699.04,100000.0
290,62.00674073992215,95.92689845405548,102.08673857951398,1139072.21,100000.0
291,58.938316635035704,82.81532479915391,73.27578656187652,-72775.45,22222.22
292,55.61441976034848,89.70185724413582,100.2537418399012,1434022.56,100000.0
293,56.89433220578297,92.01409156475009,84.8604053833816,871315.09,100000.0
294,67.13035964068851,112.7423918328626,80.48761543017727,627438.21,100000.0
295,57.06336334489067,99.39744789362165,90.79607766182365,1394411.54,100000.0
296,71.0802439544162,95.25535366793368,81.94601722831,-150760.64,22222.22
297,63.54392898415386,99.97833222524616,91.9740985401776,813725.5,100000.0
298,63.04364418664379,99.60007220630239,94.93901251878822,950504.27,100000.0
299,68.29295394622517,95.83838898830679,83.57949631730673,-70285.67,22222.22
300,60.880282118599936,100.85858069857521,78.0560467966085,632569.56,100000.0
301,62.21203985323741,86.45995068905376,85.24433099494595,103045.38,100000.0
302,67.67071117564379,91.71989161217913,85.39471065932726,-83524.69,22222.22
303,51.840863154120484,96.71628209424499,90.48661553969914,1785177.92,100000.0
304,72.97952833983277,87.229995885423,86.86277778514348,-234979.07,22222.22
305,61.49630210226453,104.19707951787127,84.1899879747109,935887.95,100000.0
306,61.67412915462204,95.47106858744885,86.58617754682905,609301.39,100000.0
307,57.32139831269683,91.74680993608477,94.12586987380806,1140872.06,100000.0
308,53.84090820353364,91.19672706732189,79.04897307301702,936475.96,100000.0
309,67.17027977354905,76.29131785694602,80.2491642981915,-266710.65,22222.22
310,62.26327125038713,104.08971626310907,84.44112278087961,863149.4,100000.0
311,56.66880283984081,106.93041362496531,72.69188184646192,1139204.19,100000.0
312,46.80716426027951,93.96013005047999,80.7325390930028,1823128.29,100000.0
313,53.87260309721572,96.37520802569418,87.0723060670552,1447154.76,100000.0
314,56.61552821557963,78.47726041196195,92.41588729038124,554479.95,100000.0
315,63.90120706775197,89.10741722598556,100.69641446640516,594087.57,100000.0
316,53.57949140204308,76.27027346167735,79.11878140600942,293370.51,100000.0
317,59.72648390186701,92.19005504390422,82.9494935082212,529136.36,100000.0
318,62.11233237908578,78.73614518228601,97.2719991346227,186413.27,100000.0
319,59.507092929644585,100.05566248429315,87.91316544421049,1078756.31,100000.0
320,62.7405193149227,95.12790552208983,88.80552276014717,564897.11,100000.0
321,63.85633655920526,101.96237277119188,86.67042994246249,686138.17,100000.0
322,64.25402254553107,89.19237875141496,97.24099633132052,441689.66,100000.0
323,55.94164618764438,106.20846389619734,84.65865741952308,1598269.27,100000.0
324,51.41534938729171,91.1529397341971,79.2110609114635,1182734.48,100000.0
325,65.04386129393234,84.12638418627849,81.20744081767437,-133652.98,22222.22
326,48.66275561432681,85.92924312675831,64.39702572365387,704436.28,100000.0
327,50.49658305908566,96.84373190529868,91.67930134853208,1967085.18,100000.0
328,62.552745370709786,81.29721471183709,84.59445347279318,-80243.11,22222.22
329,59.97838476545659,79.57471779726711,97.77888556502077,455284.82,100000.0
330,65.26417374345402,88.01132243553303,85.22852963145351,-68424.3,22222.22
331,61.25029684768531,71.62438618418139,82.89899224857493,-161215.02,22222.22
332,55.90809451201321,80.98541991094577,82.61064751046938,394907.11,100000.0
333,70.78611916109713,95.76758575140309,80.14497858684622,-153110.29,22222.22
334,63.43549668813695,102.59419892927401,92.85938630475853,973267.8,100000.0
335,60.35778221952104,84.17756900064984,90.93489816571551,384933.82,100000.0
336,62.360912312530495,98.05673898024959,90.39896031429674,790425.63,100000.0
337,66.297316291916,85.18288309595489,96.19784955789177,20422.84,100000.0
338,61.1855976281544,108.6773478536274,79.14190354623867,991887.51,100000.0
339,70.41578281899149,91.78119705116383,79.46294696927718,-190049.17,22222.22
340,57.09668499567407,87.11687422625111,88.60541054441629,761780.21,100000.0
341,63.137012928213,84.83669996455279,84.79298596578164,-56287.84,22222.22
342,72.85362215167117,105.5478885309064,88.70875119222927,19099.06,100000.0
343,60.2280208690092,91.08028194046435,90.21490276820855,683332.2,100000.0
344,53.863244608809566,87.6836111631899,70.8170353720405,488034.28,100000.0
345,62.395338735631675,95.82476345732466,80.89291507045532,353832.51,100000.0
346,69.4439205797402,78.96810903297893,72.55281351821652,-350328.6,22222.22
347,61.346710911359835,99.42388472350939,99.31338537739188,1265372.21,100000.0
348,57.24669442278636,99.70812750088166,84.672678009244,1175740.03,100000.0
349,58.96423620035508,97.95293943738005,90.54474446651406,1130524.71,100000.0
350,50.541647058094505,103.28886314753306,96.73077651025334,2429411.31,100000.0
351,56.24662379094282,93.56223180093669,89.19925658340328,1157612.03,100000.0
352,61.564042594943444,85.04725361539121,79.29120137252656,-62019.07,22222.22
353,59.846675574051325,100.55456117333428,89.62060131405268,1127008.74,100000.0
354,57.776314007483364,96.9452883958351,60.78738772464436,162465.15,100000.0
355,66.89259420223262,74.3425759909971,81.91925199807338,-267037.71,22222.22
356,53.28198063224313,78.34786671851185,94.86702769271741,967801.91,100000.0
357,57.193792792128654,93.11853493557645,84.60117507952694,881995.92,100000.0
358,62.86224496333873,90.6913970195423,74.09456609439715,-74844.85,22222.22
359,65.97760091668285,85.55619075154819,71.76905386139211,-213514.36,22222.22
360,57.431309034204524,103.5068381157088,92.2268848079647,1592617.78,100000.0
361,57.908087193552845,86.85668066113413,82.26610206465224,447055.48,100000.0
362,72.46048790136504,93.43741907008398,88.6553540011241,-147428.34,22222.22
363,66.18170072419105,92.14910243123862,82.79814176052402,-66339.0,22222.22
364,58.82190090549013,89.35558866527343,84.68361098966635,552737.78,100000.0
365,64.36577726182188,90.4675129722657,91.22744065633242,277420.78,100000.0
366,59.515700519348506,90.70771671284481,68.01529418147709,-39187.5,100000.0
367,65.49796604821489,93.11839628308194,93.48308593380705,362439.24,100000.0
368,42.62246773083787,108.79537234302654,83.81348816068102,3017017.07,100000.0
369,66.64909690042509,80.64084665587022,90.20857819303184,-134171.41,22222.22
370,53.679506620958065,84.38607935373776,101.26926650786768,1423847.24,100000.0
371,58.85590559541992,91.9568958586175,92.39557571085442,936314.9,100000.0
372,62.97409132783563,91.35377014629219,88.10216852096292,347086.42,100000.0
373,74.42049351142965,89.48143082669773,86.70934189707722,-245679.56,22222.22
374,66.30392637604567,99.94973339662185,95.08975759726323,645486.88,100000.0
375,63.83238133217511,79.71295578542565,98.88416802455932,114790.76,100000.0
376,53.12192764188787,92.7237191871513,78.58865527483546,1060977.53,100000.0
377,59.61516992044204,92.95886169273132,87.73153633132732,742235.56,100000.0
378,62.53152452541171,104.52340142152782,88.85504156286883,1010327.07,100000.0
379,58.53506018825611,98.67678451459521,95.11049915585944,1365816.75,100000.0
380,52.63435310917804,95.37660062864872,90.95996830964263,1662110.61,100000.0
381,58.21461897984005,102.38136131980457,83.72452751022352,1166057.82,100000.0
382,60.75345872082925,88.44235358144518,85.13242190444248,334194.81,100000.0
383,53.42234947862879,77.03954205665136,98.55329303741226,1023909.7,100000.0
384,54.918231910090036,81.07746885489324,66.69618403436843,-51993.48,22222.22
385,56.16622951386299,78.09219185933252,98.95712886115913,811025.19,100000.0
386,66.05890253605581,83.80664689340048,104.14570434542662,260508.51,100000.0
387,65.89059292194956,87.0765175484224,63.75505142357463,-258708.71,22222.22
388,73.74565543554445,77.49384779912764,71.01411065086641,-472633.0,22222.22
389,66.13542259205784,111.95777165705346,96.76631895733941,1261378.63,100000.0
390,63.383454720314155,95.35278907498757,92.25403224963262,631421.17,100000.0
391,64.55357153872059,92.53072281572439,85.88570938359095,164525.2,100000.0
392,59.62444123260286,83.21431870019991,82.61426184663242,123699.38,100000.0
393,49.842259114827684,89.11494335884726,76.59697558921721,1156840.69,100000.0
394,53.37846409670537,91.6190473603813,96.83201943392909,1624131.4,100000.0
395,65.50989963601388,75.86549456739141,76.58816083915212,-262546.02,22222.22
396,65.6446271279293,81.15761345815521,83.0906182250253,-162044.1,22222.22
397,63.300312594147314,81.28489990622728,85.89569180224066,-86858.12,22222.22
398,51.99584703049077,84.58769120443908,87.71814644021157,1126996.53,100000.0
399,50.44203759880998,93.96427264164359,84.83307870912321,1603346.26,100000.0
400,63.314939726502885,92.01522720658195,96.59519365477767,640023.03,100000.0
401,60.75134701588745,86.13535012987272,86.03952877577441,262339.56,100000.0
402,63.25978817421833,90.43974063293133,85.345029375233,180885.54,100000.0
403,55.788049873159466,84.03389174204146,73.0778551897026,210445.07,100000.0
404,70.49746045912164,78.80523088147844,79.11030581873479,-324366.66,22222.22
405,55.68955640658481,98.05431939249998,82.49292773451776,1180741.2,100000.0
406,67.4864524360424,83.93858438180519,87.37145037890232,-141868.49,22222.22
407,54.987917680441456,109.3063421499605,74.90541343824914,1491683.1,100000.0
408,61.85892426136216,95.70399192838889,88.51729232833773,668892.44,100000.0
409,58.88827404673375,88.83161370239917,85.37239751182243,546629.12,100000.0
410,59.11798799022907,98.6749120511542,103.78944551352649,1611202.84,100000.0
411,56.655049289953,77.6717731837883,84.24960258901433,228460.95,100000.0
412,75.47825602592592,82.76692888827242,98.93249284627457,-241261.46,22222.22
413,70.06620488445864,85.01770582462805,89.83635617307485,-169233.61,22222.22
414,69.77037973877123,86.58785033111262,83.26956693912993,-198033.3,22222.22
415,56.509914516308136,80.8671894237642,79.48114086693894,219872.0,100000.0
416,52.65635839942646,90.30675121433303,78.45522753600154,994100.93,100000.0
417,61.40271547074449,75.99693918416736,87.81248197382288,-82660.54,22222.22
418,65.00117376965355,72.0563792168569,88.17948084370437,-199177.44,22222.22
419,67.36601395483976,79.11323083177915,99.21686528812047,-95314.61,22222.22
420,62.51411405619627,83.65489329817431,84.5259628399095,-56340.56,22222.22
421,63.349961475130335,90.6840485227117,89.57942593579413,331065.94,100000.0
422,54.4759584415238,91.5242474163247,72.98342677630767,675415.23,100000.0
423,59.3326436319078,81.86483122681689,78.74799548798698,-43167.12,100000.0
424,67.41655905126262,99.82179108534842,90.177674027711,356543.28,100000.0
425,53.44612341196453,87.15232395274678,95.31133044982306,1363138.8,100000.0
426,60.85030148183943,110.87396585983525,88.34320163485216,1446310.37,100000.0
427,61.15229469894019,87.21795182217748,86.1350976906494,274306.78,100000.0
428,59.08518098171674,96.37297809019731,93.13196969275397,1137884.86,100000.0
429,55.284063236952306,78.01890341798,69.39225432862197,-69739.28,22222.22
430,63.04794796147526,80.06970054443514,66.7004299599039,-242698.49,22222.22
431,62.331471627185785,112.4369956568951,84.9483972519109,1249711.55,100000.0
432,65.03094464670986,90.73646422692809,84.15943794787529,-24373.25,100000.0
433,65.51445889792662,87.38752910230214,87.27283466961117,-64323.97,22222.22
434,61.93018683717608,83.98718591721256,93.43235997106045,306537.28,100000.0
435,58.950241459827545,83.1982935645644,89.56033367034843,433510.74,100000.0
436,54.609192109253776,90.25363041632215,84.92248852852427,1022781.26,100000.0
437,66.51537339498947,94.27228409591957,84.78727085066627,8269.92,100000.0
438,64.90659779520172,102.51186794115583,89.74138760399083,713322.84,100000.0
439,60.06211571906028,78.19347390884856,75.94653386385933,-123194.79,22222.22
440,58.16865177387199,84.51439018056645,83.4107439246237,355658.42,100000.0
441,60.33989954938264,94.76723478921058,84.40076038649772,634562.22,100000.0
442,62.91900986295721,90.58026973329108,68.2085341859921,-122997.81,22222.22
443,54.363987637087476,88.70321199850547,74.71759468585059,620361.59,100000.0
444,63.599572379977225,103.77675749109328,95.3594757394272,1097578.5,100000.0
445,58.71934277441875,103.41653523164956,86.26367338621795,1251038.38,100000.0
446,57.977484173291764,84.47937602813154,82.42900766485091,338838.77,100000.0
447,57.670939088752625,91.53374600137938,86.36487883892384,824695.42,100000.0
448,60.01827612092049,93.93244352771715,95.1204933356839,1004349.61,100000.0
449,65.69732481264793,76.63591828395087,63.29167035333339,-362423.93,22222.22
450,65.60591946743564,77.69809171426121,83.08949408391219,-195787.89,22222.22
451,52.979321843643845,73.78217606177982,89.6024331897407,608350.9,100000.0
452,64.55493096181588,84.81140639345952,62.97614051676827,-257736.64,22222.22
453,56.722533310485105,93.52623604862292,72.42925166541991,521451.1,100000.0
454,61.100159518674936,89.86221135744304,89.92397774660925,531122.78,100000.0
455,60.71748221048492,81.242379532066,95.17085776414818,365138.88,100000.0
456,59.04882256183818,89.75425914441061,77.06722234787783,281412.19,100000.0
457,57.340306492850935,82.0367755737579,83.5299584906509,331172.8,100000.0
458,70.27025088085406,77.6528897136178,71.2847281180477,-391706.57,22222.22
459,68.82702196496166,88.11608690563321,79.31288172139071,-192561.65,22222.22
460,66.23942812437646,84.54946014236822,100.52108256514896,149020.78,100000.0
461,64.06755522803562,85.60879732668867,103.33711981275678,512439.55,100000.0
462,56.36571046197997,96.67885834808376,87.54398693345519,1228017.12,100000.0
463,67.81044773639279,104.05360077054168,85.27203526705901,335888.5,100000.0
464,55.4794927779229,94.13974928645204,79.2394193571071,911719.12,100000.0
465,72.08032348515974,91.22881797974463,81.89476681384707,-213648.6,22222.22
466,61.10808183518945,77.87586339423274,76.74128067265946,-143433.22,22222.22
467,67.20248344766655,84.08795148925743,76.10125664720351,-221721.45,22222.22
468,63.21991651516372,100.67133739196697,91.11110314065307,847107.14,100000.0
469,65.97628611483489,83.18884420287485,72.91460933269433,-228248.73,22222.22
470,69.00800191173292,87.09588145042078,82.86791936013209,-179135.19,22222.22
471,67.96916485109435,95.00607008460594,88.87504606269367,38983.28,100000.0
472,72.9900140694065,84.20833592657871,92.88664108869051,-218576.41,22222.22
473,60.34207874938251,92.41733050976931,97.99198162450652,1004291.35,100000.0
474,63.047014537737745,94.8446647114467,94.11631236713332,707379.39,100000.0
475,57.81028362274269,82.44711299394895,76.11912185082122,43260.99,100000.0
476,48.20186046374399,108.5058641694629,75.6227288913657,2159373.35,100000.0
477,58.67247825848537,87.50868030099971,87.61295693137735,587096.28,100000.0
478,64.89442327523578,97.74426139523771,80.04384177216403,160583.9,100000.0
479,58.99726971728153,92.5432195543947,82.88612542743985,615732.3,100000.0
480,69.64407345611995,94.41877456474427,91.24646118142346,-54874.74,22222.22
481,63.977287612004474,100.56126471736792,86.53868324898151,606382.06,100000.0
482,52.21900831226492,93.59719156577377,79.46346640276946,1221194.11,100000.0
483,56.82829990950146,95.27727616879584,95.5254061071859,1398036.65,100000.0
484,60.12762946041637,92.77949711339068,99.46882702939952,1093723.37,100000.0
485,61.44451907693141,113.41514802762356,89.80683198786812,1552468.87,100000.0
486,49.4354234450651,96.7800745899408,88.23984627150361,1949955.63,100000.0
487,67.73851652449648,96.05863216142963,83.82312413613792,-53867.52,22222.22
488,52.65421058226381,88.11879068442578,77.77057613922095,871894.69,100000.0
489,56.516859301171664,95.29720563978549,99.19418828698696,1558484.91,100000.0
490,62.36802917893789,79.23705244168335,88.7791226798712,-64192.5,22222.22
491,67.17978891987391,84.51195386112556,83.8608540832802,-156624.68,22222.22
492,60.08812916837518,82.93591518225983,90.5103836876728,341166.7,100000.0
493,59.27431110835331,93.77579199516325,77.45631648868215,453450.61,100000.0
494,57.37525019805954,96.50143222044994,81.83091820721998,919121.57,100000.0
495,70.36178310740043,86.40327432946857,86.90982016889103,-184708.28,22222.22
496,65.59554499123854,77.23470840360271,70.03312509816341,-301740.72,22222.22
497,50.84606211257943,101.36325693084464,80.3092057599142,1737562.55,100000.0
498,75.34919571400951,84.9217716120835,86.56868607717482,-313007.96,22222.22
499,69.25265971540725,108.0548359934321,102.52278040140938,975498.96,100000.0
500,67.25019738355886,99.21656273230316,90.03647906821006,341002.35,100000.0
501,64.67016645699982,85.0393285530432,78.04530949091038,-140813.56,22222.22
502,59.97975325553429,88.46833839727564,81.14756158071816,273264.56,100000.0
503,64.17832468474029,98.5977468771346,85.7514585334807,470367.19,100000.0
504,68.86518048633157,79.72479797279846,83.3538945961224,-245892.41,22222.22
505,55.69906607638317,73.20117044634246,84.29721417033706,124548.56,100000.0
506,59.2695149497003,103.62104768917918,90.36189931871561,1348662.13,100000.0
507,53.85487905402477,106.68683309700769,95.3787864119655,2203677.11,100000.0
508,63.492586220811695,87.96164311035152,76.84476648785042,-94759.52,22222.22
509,57.76675934357368,99.79873757733768,101.01898360044417,1699931.68,100000.0
510,69.25946116963314,85.60035520392353,75.48325181704341,-257114.74,22222.22
511,60.84531748146723,74.08404570993433,87.74692557057064,-89912.73,22222.22
512,59.11438448220799,85.80567148318582,71.44502392823225,-61023.87,22222.22
513,63.0816006394183,85.20569244304279,75.05570689646255,-127100.93,22222.22
514,42.76642672031011,89.75236585454428,100.06413857169282,2714458.64,100000.0
515,69.96755528728721,85.88613369072355,79.88119748692486,-235786.13,22222.22
516,62.81264553645014,81.01453104730538,87.56523114846546,-65739.46,22222.22
517,64.59648167030814,101.04239901495876,84.1486903499204,482463.95,100000.0
518,58.77795749893821,82.09815671919095,77.97151699066119,-4375.6,100000.0
519,58.64112664859084,93.30628956134561,92.76546932298263,1031461.79,100000.0
520,55.18092629591793,103.4341971206357,82.69544939113817,1480786.97,100000.0
521,59.871796233909386,83.2750948876696,64.39395778768,-158002.63,22222.22
522,65.3042723781663,96.6315950738319,82.60871576449519,159299.59,100000.0
523,60.40194430334923,94.6434529593369,71.71836021646439,178903.56,100000.0
524,56.82568393592223,97.14838211659645,74.33853990306137,740957.7,100000.0
525,61.761347592999776,77.79076375838936,88.96465485068498,-63730.55,22222.22
526,59.7861511062151,75.46381365685042,94.90028451288596,188766.46,100000.0
527,55.592450539211704,82.70772806687057,86.70483817646301,647272.05,100000.0
528,66.8918240965723,80.85760362919443,85.52427872370775,-173831.22,22222.22
529,62.57289900198344,96.2379504653683,86.49975321985642,550909.23,100000.0
530,57.79783296550006,82.55168801416153,85.73222300589418,385670.47,100000.0
531,53.56716592808636,63.707845648548535,88.71075833534017,65013.0,100000.0
532,65.42360904651717,68.73360808012345,76.41728900996553,-333276.32,22222.22
533,63.714925566031184,108.51745922740528,85.17674651524096,942979.24,100000.0
534,55.631982352625194,88.35393203005644,96.68644956275958,1246754.44,100000.0
535,56.12421492525279,82.80727194014771,80.89668006145273,395289.55,100000.0
536,54.28002835044772,91.10403284395316,98.80976689699126,1580020.48,100000.0
537,61.938475638696175,87.72881848086341,82.51960421421788,92135.42,100000.0
538,50.62085514782006,97.94798799432444,84.33838382539118,1747417.38,100000.0
539,58.917120518456244,118.73796811060375,87.53939972110834,1965375.5,100000.0
540,55.48925369942889,86.16278163415011,94.76178852817242,1095062.4,100000.0
541,60.679622463226586,77.0554981951437,92.81344594388923,98005.78,100000.0
542,55.991135486766034,106.85967998595791,94.18040855857451,1955886.35,100000.0
543,57.316068626047496,101.52914725561601,85.57677183948293,1282391.78,100000.0
544,65.11664205073332,94.36259535565027,77.80596843257757,-59364.12,22222.22
545,56.138701006095225,99.26964735823046,82.1544096770944,1178668.37,100000.0
546,57.57810922054802,81.40389678585582,88.60059205754442,456385.16,100000.0
547,72.37514951545887,80.39220377171155,85.20586538171844,-302813.44,22222.22
548,68.47332333249258,89.28322747878856,88.84516026812274,-98890.33,22222.22
549,53.62563883111872,93.85476387486884,83.40927374746134,1230225.07,100000.0
550,65.91437997407918,100.68647446408276,107.01129095715822,1134848.54,100000.0
551,63.47779903928145,92.9321668492395,86.65226656340735,316996.93,100000.0
552,57.88100224313587,93.04635459115522,82.48908801381825,736103.81,100000.0
553,61.010765857617685,101.85837782047163,76.44438819512305,608104.0,100000.0
554,66.83927136677427,101.85403560605879,83.99641752057583,289379.08,100000.0
555,47.268870605948436,84.5296021161501,96.02445364576943,1887800.91,100000.0
556,59.86279162620671,81.0062799093458,80.70941316956015,-53592.69,22222.22
557,65.04372015902732,94.92060211381241,82.9690771570576,120972.78,100000.0
558,57.79905352911187,86.4741766586056,77.15951343176273,262015.57,100000.0
559,69.69225413681664,87.09911577709794,95.34584742701672,-97257.9,22222.22
560,69.12789631153471,98.98479808333164,81.3312273418966,-74862.39,22222.22
561,62.42238054201966,89.78223954248176,77.31853418379391,-45888.58,100000.0
562,61.94615569032962,79.38864187956177,95.0952748019233,156207.93,100000.0
563,57.212296216209644,91.81043690285556,87.40794690814221,919518.18,100000.0
564,58.44657015777554,95.28024421327747,80.96331891870854,726670.14,100000.0
565,65.22778378474347,77.88618287777926,86.0742264261445,-162289.38,22222.22
566,71.6335739943497,80.99701807854983,79.23916775053877,-326693.49,22222.22
567,63.08344709795349,91.61623603745637,87.98035584382525,343698.37,100000.0
568,62.93512278088598,95.71249321705594,94.4324486566279,768685.62,100000.0
569,62.458911941571074,87.82868110843312,90.71687646022322,331490.13,100000.0
570,71.39929160937129,88.80629628255684,76.71650091029954,-263015.18,22222.22
571,66.64248401572183,88.91656952441761,66.5323088588807,-235415.99,22222.22
572,65.08453006290253,85.18204632641469,84.23046710041463,-100487.68,22222.22
573,61.99188198341409,91.7144971180116,91.03034044568183,564026.09,100000.0
574,57.38708177658094,94.61795218358475,82.7938532405367,866884.53,100000.0
575,64.43286288532502,95.53830735611749,77.04877103262093,2644.53,100000.0
576,66.51589269705019,85.17632899397357,91.86849128538974,-72946.06,22222.22
577,62.20372388040804,106.5436530911561,83.10053914983925,932610.87,100000.0
578,57.904099223290814,89.82522354701041,82.42297184590866,586529.15,100000.0
579,64.7996514116523,75.45320452407071,76.043699437256,-255120.32,22222.22
580,53.59318247052484,98.55276832776218,99.54021366694636,2009463.81,100000.0
581,59.37330468877517,88.48060449128991,85.59544338646204,490137.25,100000.0
582,66.97126981564914,81.65382179228483,87.02613635324568,-155953.38,22222.22
583,65.85118577869457,94.50984752945861,86.61144374108932,149225.09,100000.0
584,66.00627655540285,65.67090936300687,90.76194021601272,-265281.96,22222.22
585,56.07554590123546,73.52430392829189,89.34522209596234,278121.86,100000.0
586,68.24195127097775,88.76296336835077,93.09943365122498,-65862.58,22222.22
587,69.67366954793187,101.83423008225643,98.93969849965684,528062.85,100000.0
588,64.45276494643136,90.67890275011433,71.38329059887407,-131402.38,22222.22
589,58.52362507122031,82.41078064215428,103.45301309873142,926978.08,100000.0
590,58.94468512540598,91.10884326106037,89.68762569634397,794496.33,100000.0
591,60.26161467823472,105.25545936387678,79.70748042525716,950096.02,100000.0
592,61.16764473142346,83.31776472871756,73.779808654624,-113371.5,22222.22
593,56.32938545456829,89.66666882656429,81.35093109160329,699344.14,100000.0
594,55.84547412075686,77.3431428269535,84.29360263265609,296170.11,100000.0
595,50.971677755813985,96.84050367320643,85.70073789994328,1710180.72,100000.0
596,51.25469100321042,87.21711830655123,78.60667055248004,1000534.69,100000.0
597,61.915047062515086,102.0640540142083,69.06103400801118,268513.91,100000.0
598,60.6901564748845,88.55880483990023,90.70639064982896,540854.24,100000.0
599,61.279179769426136,83.23227601435063,82.28804154683374,-50529.8,22222.22
600,55.22384485917907,99.68406424738738,85.1811490137115,1394738.62,100000.0
601,71.40714411451805,89.45405267566841,78.97854248126107,-239118.46,22222.22
602,50.91771364432304,73.7717429136965,71.53484448445334,181676.62,100000.0
603,61.6027599060689,94.5785252090694,71.55987903272687,50353.41,100000.0
604,65.37022988445669,85.65245053484904,86.24774060187717,-86442.62,22222.22
605,69.67332376953254,98.07155384278978,82.71748949280042,-85333.4,22222.22
606,54.65284664750828,70.63366138803626,78.88719678643943,-55715.11,22222.22
607,58.73321856703383,81.11538425563934,83.88431577971541,162821.49,100000.0
608,60.46111129775261,87.9762961637273,79.47497806300059,144446.43,100000.0
609,61.011928031800366,93.97746584612469,75.73160784173581,228399.43,100000.0
610,68.46559427847762,89.11270680944165,85.1602217950312,-129084.41,22222.22
611,64.24928653953934,92.09894518137152,93.10166138826258,428082.03,100000.0
612,61.722744991210945,84.48806362823606,88.07277996425186,162235.66,100000.0
613,53.13764275607603,90.97703735198871,84.71754507952208,1195316.48,100000.0
614,58.75129885636476,88.84316239704962,69.00428311327006,-12037.67,100000.0
615,56.70765055355423,90.83560411027003,86.3587793319779,889394.41,100000.0
616,53.833949154444255,101.3913705677823,77.63751379017674,1346529.74,100000.0
617,65.81674320316043,93.84474925684516,79.50706786632767,-66869.61,22222.22
618,70.65186535565707,79.25726851419168,92.81281047568501,-216702.46,22222.22
619,66.00349390825787,83.96441811831019,96.8359550505468,17307.85,100000.0
620,58.49972091240628,92.59824266351872,87.21273562955538,819394.58,100000.0
621,59.19414755117671,97.29727445843804,91.74465412469381,1120025.49,100000.0
622,49.508808160570915,101.73906218590338,70.86881810169677,1557785.62,100000.0
623,66.19527722604994,100.14034623144825,75.72678534317082,-12774.66,100000.0
624,57.535114272272494,80.04865798362658,83.17317124254575,209739.18,100000.0
625,58.151794294885555,97.01694479042406,96.13762434201666,1365399.94,100000.0
626,68.37410286473974,84.94048776079528,83.22161407317151,-183851.52,22222.22
627,49.8993708466743,82.74716940153431,93.2012388813284,1445728.9,100000.0
628,69.6934969412894,78.8908601530807,79.96405379720039,-299004.25,22222.22
629,59.841565458246436,92.52145042937646,78.11837008066601,363451.68,100000.0
630,62.544366266784536,85.73544587636175,84.87715569753463,24358.89,100000.0
631,63.2777054880222,90.05780042829844,81.29071993052416,20005.67,100000.0
632,59.34234117644502,89.20473336715199,81.85490624600192,394900.6,100000.0
633,58.44722362399739,104.38782453454246,89.76781530750053,1444603.28,100000.0
634,58.22711809182504,96.27258964059662,82.16253433707392,835243.43,100000.0
635,67.03874782551985,93.32677972978284,84.08793177596405,-63576.02,22222.22
636,62.686301554861664,75.8621146313835,75.42247651426666,-208899.63,22222.22
637,52.836449961605666,91.28648785287336,99.72637749562328,1764670.17,100000.0
638,73.3878008771558,95.74245991296681,89.25717803702788,-140304.04,22222.22
639,49.19365359508357,85.1159358023938,78.30383810877997,1101486.09,100000.0
640,56.2749144104933,88.4867056327369,80.98723008957441,638963.37,100000.0
641,48.124201137745274,96.7311923050578,75.88168428121165,1646342.49,100000.0
642,61.4354811846669,108.66674402774976,77.1852309715154,897938.45,100000.0
643,44.81827486352202,87.42596200307901,94.35815689748786,2204876.3,100000.0
644,71.75008472532356,78.93405364992825,89.22194339751043,-272268.45,22222.22
645,57.20813725931968,89.04646481126278,107.4769184496448,1497969.34,100000.0
646,50.98217802962908,92.28365695345116,88.97539196000618,1618685.48,100000.0
647,66.51471794963608,90.88184838123806,87.61842958578487,-45143.58,100000.0
648,57.650108595469256,92.42214247120597,82.08286565827201,716885.85,100000.0
649,63.729431339136305,86.6735069756073,88.20535334816859,64552.05,100000.0
650,59.82442311789013,100.13445225694952,84.56315334949787,933318.41,100000.0
651,49.361805190758716,101.35729350642592,77.30127544266774,1780442.33,100000.0
652,56.07740196810708,84.63904835360857,96.68272379195194,1034912.31,100000.0
653,47.185954716127824,118.23973680293994,93.97648287706144,3341369.59,100000.0
654,61.33943348477496,89.50595399445342,87.42720963629009,403776.92,100000.0
655,63.12673457027603,95.80694027355051,89.7226379610293,588931.18,100000.0
656,60.537484087531496,88.22395421723407,83.71417708894515,296325.73,100000.0
657,58.83055031788391,100.20393087180358,90.04523213938732,1227704.98,100000.0
658,42.357668192014316,95.90310698876785,86.65525765510958,2562807.01,100000.0
659,59.887747461324615,86.50333392220003,94.55495811988112,663298.81,100000.0
660,65.68515877273714,83.04410098958752,88.45994444055854,-102318.51,22222.22
661,54.17005959275228,77.58343651689962,79.6729035909853,312800.31,100000.0
662,65.17436083429655,98.57812540838478,89.36122607082699,496222.47,100000.0
663,64.35057472108798,94.64560458403463,79.5474064406049,58153.96,100000.0
664,62.59153526804364,97.20368572704913,91.41147630341538,764414.0,100000.0
665,67.13348022884786,96.37473462480958,87.98730976410346,153070.88,100000.0
666,66.42090142989856,89.76130866675845,77.5040654645644,-136708.66,22222.22
667,59.021598216337416,83.29587619674196,79.26098466271776,70289.07,100000.0
668,59.13288797570689,82.86822071100035,82.38232699806815,149162.58,100000.0
669,48.63831199827729,91.91964336635645,85.0102465405789,1697911.38,100000.0
670,55.09746821359086,95.93321101589164,92.96934616982574,1511174.79,100000.0
671,50.354640813786155,83.13547699290407,78.46229002680796,901812.53,100000.0
672,54.36058139334681,97.46527357738573,83.35247782043118,1317215.9,100000.0
673,58.412910952136336,71.96523872033922,90.40105325677843,11181.51,100000.0
674,52.56444963087917,90.53939367239695,87.35770397264463,1325347.39,100000.0
675,68.1639515750319,78.22061640792799,59.33414667552299,-432171.62,22222.22
676,61.10309726852217,106.20460063359768,95.53104399998522,1462483.84,100000.0
677,61.257956491647754,85.57527432931157,91.86054207141714,390210.67,100000.0
678,54.15872280177319,94.28721992420597,89.29649635291634,1402429.99,100000.0
679,66.36125944499328,114.8369403501997,88.33553572101953,1073280.12,100000.0
680,56.946218245755006,89.76983119027204,69.9628548084425,243720.5,100000.0
681,55.83172121346565,86.31645805698206,80.54524861755597,570152.19,100000.0
682,60.914129232202335,82.5982206085602,94.528760672258,384013.63,100000.0
683,60.00124238950918,89.91629710975246,82.2128949096402,373560.45,100000.0
684,60.931144103153876,97.42588438200872,77.62939316645735,458079.15,100000.0
685,56.05130106554846,87.26646574101002,73.56009715047767,346464.25,100000.0
686,55.084452841671016,85.71401213809807,92.43230803605819,1033816.04,100000.0
687,61.57536797401155,91.7423092023079,92.23263267842776,649009.26,100000.0
688,59.17576926960362,93.51418364936,84.12261510007379,684852.87,100000.0
689,61.59217409639777,84.75517208149576,64.27005415465035,-182396.17,22222.22
690,59.194325026882176,102.80473322489946,92.87283091905354,1407329.57,100000.0
691,65.79238490754702,101.12517649625596,85.75358952317222,422770.08,100000.0
692,61.183894244433574,84.44113294109084,82.31338072377008,12429.88,100000.0
693,63.69462689862685,100.83495993451935,83.81470665671151,551625.24,100000.0
694,57.29886441089153,90.00475162970938,90.11025736589748,924186.39,100000.0
695,51.336871103198746,69.33437142176486,80.32043677932154,247574.89,100000.0
696,52.67572544451505,85.4267382211742,83.7438672900515,957666.03,100000.0
697,57.28050954586192,103.0722078102367,87.77733049911971,1432404.96,100000.0
698,61.80284615766497,95.59986429639062,75.31991849886346,207906.43,100000.0
699,66.2346707245216,89.31812142118086,90.69908524655031,20316.38,100000.0
700,53.568856601759066,76.01617110585542,91.95206209321275,732164.21,100000.0
701,62.2584571565851,81.88153601078241,77.6078638091651,-122200.3,22222.22
702,66.75260870648862,79.29529296419405,98.96272010267569,-81839.44,22222.22
703,54.59627559211279,95.74552733047545,82.20674295613362,1176157.17,100000.0
704,63.61912458649406,85.10297398097227,83.6162602983855,-73491.0,22222.22
705,60.24551505237433,80.98031289796674,91.29700693607107,264957.82,100000.0
706,56.92071860117049,87.94260076193983,76.54803031582765,394526.24,100000.0
707,44.62599804722814,88.28075013659848,105.50723108370978,2652787.04,100000.0
708,64.70762572738815,89.82665658239044,82.76542795172972,-57060.68,22222.22
709,60.13479535687228,94.92407203657689,74.96309106987482,331811.89,100000.0
710,66.68593016801323,96.4384318389712,91.10457866851745,309796.67,100000.0
711,62.630854432858364,90.17654991924591,90.71932050571797,420035.52,100000.0
712,63.550884802448266,86.81363360153078,80.12438493037634,-82027.0,22222.22
713,60.61113777157192,103.94118136345668,74.46758985694184,672605.03,100000.0
714,51.19484840548536,91.48284757112864,85.43254546577616,1437382.39,100000.0
715,61.04004998622245,92.19557878117651,83.10278083560415,403393.38,100000.0
716,68.93918063161249,75.59186419371136,77.9577752893679,-330836.01,22222.22
717,59.38047143910572,75.2113006996125,83.5052375623274,-79078.96,22222.22
718,69.96882099436812,90.18797839466366,86.96095769860881,-137731.01,22222.22
719,52.43901140896452,84.4527473276447,81.81083076724653,869851.57,100000.0
720,58.0937094194626,101.53479415503392,89.74037401616356,1350607.89,100000.0
721,53.33125225837781,92.21854300588804,89.23488486222267,1389930.18,100000.0
722,66.8408942311276,104.22486617911537,76.37169936946312,129039.03,100000.0
723,55.13485493273797,78.68179926976845,83.01083119759066,382574.57,100000.0
724,62.798150246678006,98.88601064930191,84.35441629903856,572460.03,100000.0
725,58.08091486047093,91.36582193023867,77.90128533614481,479915.49,100000.0
726,72.53723233016864,75.53105075593747,86.57029492061366,-344414.58,22222.22
727,72.14163731537784,90.06119860103998,83.38466820248729,-215099.2,22222.22
728,57.855327463137435,88.37647486413833,96.6692120347505,1024831.04,100000.0
729,46.72882853202296,103.80090331166693,72.89636420417376,1999530.54,100000.0
730,58.40008602459351,86.13680021731204,90.00270279305111,636242.01,100000.0
731,50.411253888697516,94.15955399473748,102.20663179793824,2223286.65,100000.0
732,51.82095597244314,91.70735550849356,79.37315148872882,1172795.7,100000.0
733,62.55532323715821,90.17232999674177,79.54736127312337,36380.17,100000.0
734,62.92723370922644,106.23913298808068,83.37731777031796,856243.74,100000.0
735,64.3185476528891,78.36054337915952,76.87029079704692,-208926.7,22222.22
736,62.834437667282266,103.35704425682368,88.0227134646781,898418.2,100000.0
737,58.121651816861075,89.99362264881019,74.37153426125741,290551.54,100000.0
738,63.6270919581322,97.94099756091069,81.15723217091882,335138.82,100000.0
739,57.17974711344299,92.39290406686844,81.28788224365493,734781.85,100000.0
740,59.60320431224507,108.89749610249864,82.90028154365903,1291576.75,100000.0
741,57.84995908787267,84.17212374928357,91.32563175774946,649146.77,100000.0
742,58.912654960691384,84.15564265510717,96.23108427432061,713826.37,100000.0
743,68.51761802708182,84.59618790835165,69.13441041343476,-300050.88,22222.22
744,66.04508213902153,83.83833156815996,91.72031759288353,-77016.04,22222.22
745,48.17937709372899,98.03337604469378,74.70503860111336,1658240.56,100000.0
746,64.38458471439915,90.1284576105279,76.89151493512853,-92549.97,22222.22
747,57.55778212243932,96.17686611261031,85.90010285147949,1028684.36,100000.0
748,63.50647788283491,107.78796526063937,71.70394630045607,459448.77,100000.0
749,69.70327544981174,90.93920343770891,77.36033558925341,-198989.25,22222.22
750,52.01811824556606,88.2979164830067,92.8340259513579,1470785.33,100000.0
751,59.2347052777348,103.60039437222613,72.66500663456175,731822.45,100000.0
752,59.92746631292367,78.72845900028193,88.09087100231223,83214.51,100000.0
753,65.3213243405838,86.21314385687052,62.864182218669356,-261621.02,22222.22
754,61.193688880778964,93.93064696560158,88.43650541717443,652787.91,100000.0
755,67.41469315093292,80.36051688315857,90.78183689632883,-149529.28,22222.22
756,67.15504507486784,73.99271174394136,87.7170405203113,-231274.68,22222.22
757,56.974921013953974,89.2662959420852,87.95525011007587,847924.97,100000.0
758,57.07662861531868,83.91862728754549,85.2902955486482,503835.71,100000.0
759,53.476524366823185,80.22757384003333,90.77467290513027,889701.94,100000.0
760,53.10723578904806,95.99681250818291,88.93202598925859,1571753.89,100000.0
761,49.64515962725642,83.9019181289791,95.14992992590267,1591317.9,100000.0
762,54.11300681316191,85.8203616392155,88.92751759264112,1013078.71,100000.0
763,64.70034305569557,87.73615002559954,79.92116334512104,-99925.96,22222.22
764,68.53421917019105,105.65009697417821,93.32029343164527,617042.72,100000.0
765,60.511908855390146,82.72560850523166,77.9412225442692,-72354.6,22222.22
766,63.135084631594545,93.76558398799816,96.91358804004464,747918.4,100000.0
767,63.90270055521683,76.47227728416163,93.94155475064481,-85791.81,22222.22
768,54.011636236113524,86.54425855242883,87.1267017531394,992762.57,100000.0
769,71.97400493870379,117.98926700404824,90.15714600265756,717616.63,100000.0
770,58.900820287677675,94.81055083632495,92.54507111992761,1065470.25,100000.0
771,58.07599424665685,106.1569022032109,86.95560145312692,1462907.23,100000.0
772,62.98645853454836,95.99331826849016,88.58348619022287,571475.49,100000.0
773,65.03364300281767,84.4447213210777,80.25443509145875,-137654.8,22222.22
774,53.39907460216983,93.95551107558204,91.62096027985297,1544824.15,100000.0
775,62.746637196911315,105.07043190012783,84.9524338399531,876840.9,100000.0
776,64.01244993355508,80.17469211474616,81.7096525289676,-146343.56,22222.22
777,64.17322654539467,97.64191899668829,82.50128094485446,314108.53,100000.0
778,59.5704044888516,76.33913627987272,81.96525179314382,-83999.0,22222.22
779,65.34229898111872,95.1768451449591,89.25565863174029,322676.19,100000.0
780,60.29864212308576,90.06356842765359,79.3872703144757,251550.83,100000.0
781,64.19297052121522,93.7887564995045,89.1821602079388,372572.6,100000.0
782,56.84379094399452,70.61991372115881,94.32579804990641,244919.95,100000.0
783,57.126975263949575,82.23501812361191,90.89457075126894,619188.27,100000.0
784,57.647924160485225,99.5394274564196,90.24455057140193,1323041.09,100000.0
785,64.10141593920287,77.7063985991952,95.3015238757844,-67288.96,22222.22
786,61.56750318740313,86.67650574678417,86.21880197240914,211350.51,100000.0
787,49.34258860261008,93.67787530332603,76.25034218045239,1400007.5,100000.0
788,51.88397828493879,76.29876732403898,94.45785118741436,1001071.49,100000.0
789,56.22441963784327,103.80354938924849,80.44568756405548,1314316.82,100000.0
790,49.75585225444232,79.95128004046207,95.50439877005898,1414876.33,100000.0
791,59.06461093237999,85.06541433158459,86.3601549197487,394087.97,100000.0
792,63.01069641700527,100.05658934312214,97.31224345408987,1057405.4,100000.0
793,57.84138812526548,78.06557082526166,81.48554613045215,30805.99,100000.0
794,61.56168303949732,81.3261696641045,76.86421722339213,-118054.01,22222.22
795,62.06272728929931,89.56212883586593,85.27877446099849,258780.17,100000.0
796,55.44902799179958,87.9263935721481,77.14401827371941,561825.55,100000.0
797,65.34119046674871,99.31724401251377,69.3074031709762,-80907.55,22222.22
798,54.42293483884554,76.53123670418928,79.47479655754137,233230.05,100000.0
799,59.49937218125783,76.95319302271324,77.16419158843483,-113621.52,22222.22
800,53.976255767511006,91.8654059645905,85.58942686480813,1181947.63,100000.0
801,55.66957467997648,91.59138784925459,80.35321928100825,817017.66,100000.0
802,58.37006933804368,105.06106881268684,96.39391894021796,1714528.33,100000.0
803,52.202512578434416,97.46759176091257,91.89687071317853,1832180.85,100000.0
804,53.11042026748429,97.36899879379375,98.0724213065067,1953097.66,100000.0
805,53.264731162533515,81.74247461087162,93.65012246816977,1079692.53,100000.0
806,61.62897186495389,94.9632864771557,87.89500833940423,636776.0,100000.0
807,62.344175525568865,78.06175084520025,93.90220050628231,14938.25,100000.0
808,67.01753995456664,87.93548330338776,84.63044592658217,-112798.14,22222.22
809,50.813354984665665,94.62829280416051,89.86248825457022,1772124.77,100000.0
810,59.626853898004136,100.11918023883453,82.16034353667051,868289.74,100000.0
811,63.3876355553616,80.82302095177096,84.79980671756897,-101940.97,22222.22
812,58.95387445258299,92.02777129836848,81.85902110491645,560928.0,100000.0
813,59.21116442596999,97.43442454297356,81.28750398347515,758495.3,100000.0
814,50.360537395567924,105.74625513784879,96.74235966886914,2558510.33,100000.0
815,52.246423829366286,96.20737024720675,80.72471445031358,1380054.28,100000.0
816,61.58092329198636,92.64801716112144,83.00753369731126,366332.12,100000.0
817,55.29740600648162,83.78513052915366,77.21236871840944,393023.18,100000.0
818,55.00906675061733,89.3953953895558,78.9160400925586,733947.52,100000.0
819,64.09231239427572,103.38521539802335,80.06954744835464,495537.61,100000.0
820,61.43642700321226,94.49716599272641,89.01201930281383,674150.44,100000.0
821,60.455731607496524,96.6841417652375,89.09911609778558,873682.28,100000.0
822,52.57402546603621,97.82240457950346,92.54197211676731,1833574.68,100000.0
823,55.42028337492851,90.34144051902842,90.80829643889409,1151626.86,100000.0
824,58.74411708252383,99.6568024298941,105.09291620426457,1738396.47,100000.0
825,55.284083804190104,77.57059857161603,87.58245806264145,477654.59,100000.0
826,64.32937503075686,87.92220263539708,97.35271563822879,380906.66,100000.0
827,51.968365201660504,96.2362676072845,79.8501830235494,1378551.93,100000.0
828,70.31626743724378,107.93263817851306,78.48341900384155,22261.64,100000.0
829,56.70265718454852,97.73629098281822,81.70938947678913,1037696.01,100000.0
830,59.72753269240657,90.22849578488169,68.68277817231993,-51905.27,22222.22
831,59.91697352343458,83.79245003342244,80.80845600960194,57258.86,100000.0
832,68.66179202081288,78.69143795148669,91.9122440873578,-185141.32,22222.22
833,58.32622241800915,87.48215848353749,91.71816111643955,764210.53,100000.0
834,62.040307767413346,95.13551697497577,93.22956961452932,790102.42,100000.0
835,58.01214970090006,84.48986938943025,75.77622052425872,102996.87,100000.0
836,55.04753682012627,116.54184982777852,95.57977643626269,2534921.74,100000.0
837,51.89355380275187,78.09787838930787,89.09586152460717,893404.3,100000.0
838,63.2835887842678,94.93995451785628,82.83287575479356,293089.73,100000.0
839,59.2472744399826,92.95091571743421,85.73009055349331,708616.93,100000.0
840,46.68419776351479,87.93180332482325,77.76304530878734,1460217.96,100000.0
841,61.05126851345107,116.8673310234307,88.12359415653158,1688228.84,100000.0
842,58.11882188296561,98.29621351779527,89.10284704127831,1180047.07,100000.0
843,62.52056694271105,95.46165533894104,102.4806203010511,1080539.51,100000.0
844,53.214669388044506,94.26268869130308,77.12576039515693,1069755.67,100000.0
845,63.33307587805349,81.73182139662515,81.45238208435678,-117676.06,22222.22
846,58.229460514572565,98.78235047410239,92.80686277351052,1320499.92,100000.0
847,52.52569574132169,90.49440699899864,78.96857123463204,1033578.73,100000.0
848,52.44897053594799,88.04684654618066,82.37789629812553,1050437.41,100000.0
849,74.56029891807313,93.89663842824626,73.29025124358898,-309004.97,22222.22
850,56.611355974974344,99.19244965886459,102.75176356939437,1848836.36,100000.0
851,50.48410012657225,73.08068053374859,100.90320399066015,1221832.75,100000.0
852,62.337685064225425,82.1853654131127,89.5443472320407,48625.09,100000.0
853,44.18551356589873,90.03037955937445,87.78647996916622,2155342.52,100000.0
854,65.54562083722698,80.87493642936715,85.72834087192855,-142155.11,22222.22
855,54.44745224364247,92.29845380106886,77.3895562599143,867319.67,100000.0
856,57.551394965038675,81.03766144688794,90.53465805550108,510268.3,100000.0
857,65.15070669993999,87.88841487038327,85.32502295716024,-66381.38,22222.22
858,51.30845151219874,87.30291016793892,84.57326075514517,1207849.93,100000.0
859,75.72475854617986,79.99229676803253,97.44550652939571,-286051.06,22222.22
860,65.98115264079485,92.52572764041123,99.94827411565863,513732.07,100000.0
861,62.232632835641176,93.50243276101136,84.54847444935086,393542.8,100000.0
862,67.34141329451177,99.86822310429795,79.68174305628219,-1210.28,100000.0
863,52.084516832407395,88.17317426343908,78.19967220262001,946329.69,100000.0
864,59.61885255230787,101.13694321215725,81.11293593176228,878229.95,100000.0
865,59.74305971213055,90.52220461327556,92.21166249874491,776601.42,100000.0
866,46.51866399609237,84.53969734711232,86.79591138437551,1640276.88,100000.0
867,67.20047373856117,85.57287797244416,69.04930199864407,-261676.07,22222.22
868,63.71826867579682,84.28173850056933,74.88783339773192,-151794.33,22222.22
869,56.25392766172065,88.33927178109735,79.8596703514252,594962.93,100000.0
870,46.76660365740558,98.07359577198419,95.83643785086915,2540926.77,100000.0
871,63.909131948037036,79.76082896617665,83.2873219614461,-135915.47,22222.22
872,59.96087210862325,95.3891495060572,90.68089415410368,920255.81,100000.0
873,55.594957207329024,90.73796000772204,88.88688343922955,1084753.4,100000.0
874,68.7349339328806,96.34055885842251,91.70698184269192,121576.12,100000.0
875,60.502959767576165,102.69413230683153,88.48298376565573,1117844.41,100000.0
876,54.833472538958574,102.63032973112672,90.93217781658174,1767643.81,100000.0
877,57.341735873229105,85.68456329340681,87.52089213369648,634862.99,100000.0
878,62.77910877160551,91.77563039068086,87.64612372426453,369606.82,100000.0
879,70.19974424745828,99.64388837011397,86.62040252575271,-50952.3,22222.22
880,65.6478634846049,80.70728486825215,88.38237992454788,-125461.16,22222.22
881,70.85583809839866,88.03758694146863,77.79511160673778,-250236.33,22222.22
882,56.087466668441635,80.1933026639185,78.32952378091451,191485.29,100000.0
883,57.77695140845982,77.34989682739223,85.13275583857163,132696.67,100000.0
884,65.41366304271989,81.83019437867772,97.91391335095503,17979.41,100000.0
885,63.06475253116557,99.27522527061652,79.40840629225684,390204.1,100000.0
886,65.1271513623997,80.17259489644218,92.56710375711032,-86688.83,22222.22
887,61.03103603876119,94.97926097986306,75.00744585218877,246223.75,100000.0
888,54.62958094634037,95.37505396428047,76.93904196409429,971785.8,100000.0
889,62.77923775259474,77.69575974185778,92.20948080766668,-62062.84,22222.22
890,52.604860111388945,94.9706994391157,90.317862935991,1624320.67,100000.0
891,55.81936908942255,95.23823910376254,87.21375923833523,1206265.42,100000.0
892,56.76694886284357,80.92300784331412,68.31768162078308,-82009.04,22222.22
893,62.09790028379816,75.9167750577415,85.81042569525113,-114482.28,22222.22
894,58.419310703506504,96.11228497894376,82.43261325433616,818263.22,100000.0
895,58.02331328191745,96.58683633859467,87.847993247215,1068756.07,100000.0
896,61.89693574309667,94.22340830827673,71.9476369527396,18527.09,100000.0
897,64.5407320799219,95.51221914612242,76.35819340709978,-33486.58,100000.0
898,58.53551715795479,89.64623441135132,83.85677733258527,565516.04,100000.0
899,62.00315979941121,102.88230103648065,94.19501718521904,1176213.17,100000.0
900,52.12668483941156,95.59862991275443,96.29593321605098,1909627.52,100000.0
901,62.32085112413522,99.81882382667371,102.1042987884565,1283412.42,100000.0
902,66.14225727664189,92.24377736077555,93.88325202972041,272658.07,100000.0
903,60.86932699858135,90.2151273895646,82.01297899643328,293202.3,100000.0
904,69.38048015299265,82.63414200652198,98.02512565976399,-114140.49,22222.22
905,62.999184742442225,77.40624442678252,88.12501899042708,-101613.74,22222.22
906,47.39984095409025,95.62957215147932,92.52446760540643,2251703.02,100000.0
907,56.44586426608768,91.11192926360025,101.61033818687744,1461812.23,100000.0
908,56.96551977442838,80.4698317164906,97.5941389209321,790385.31,100000.0
909,71.77552314318477,90.03326104663063,93.59743580097103,-127810.07,22222.22
910,68.04885549318529,83.31764190715454,80.87490039937312,-211104.48,22222.22
911,67.38524707892842,105.16512850837658,89.78448731148201,586363.13,100000.0
912,54.72111387898767,107.88355000529498,80.4867473685983,1649684.52,100000.0
913,57.98917331297129,93.0810405104066,98.21036357607558,1277092.22,100000.0
914,65.12385585931334,93.7337895032572,88.93795250600391,268463.28,100000.0
915,60.2610880118608,95.02325563066655,63.49873933959842,-56134.76,22222.22
916,58.22035524558121,92.17189741425103,75.2163802892342,408273.17,100000.0
917,62.31793990686936,88.1597590111249,99.92154343568167,682649.19,100000.0
918,69.43811835128913,85.80774987793653,83.71787945168309,-194963.85,22222.22
919,59.556314606349645,85.9350647145634,86.65771236423907,394466.38,100000.0
920,55.450307586674455,79.82446198556227,90.29304540315228,657326.62,100000.0
921,63.77717750533087,82.76115816306007,92.6105211614821,37902.61,100000.0
922,56.21053362500801,92.27848714234183,91.97292410720587,1200530.9,100000.0
923,59.79832461177772,94.09266820927022,80.61034802695563,525699.79,100000.0
924,58.82120049943142,88.14726512207693,78.65408405440797,287399.82,100000.0
925,58.93935502130531,76.06243531022628,80.8251931492921,-81609.81,22222.22
926,58.29074703978198,87.69438222754158,82.94727171009838,470327.01,100000.0
927,59.62941480083923,94.31497366277458,92.43339513012644,966401.16,100000.0
928,56.1014086389104,79.1711923014977,76.14262249593362,67554.58,100000.0
929,57.07678247283044,86.83270813965142,78.45503343732162,395719.79,100000.0
930,52.22330001450064,85.89491255273231,86.54212627096875,1121915.48,100000.0
931,63.57017679501339,84.9831925220251,81.48951851178082,-90142.42,22222.22
932,54.43981014691614,89.71704746662701,77.78835660937807,765878.6,100000.0
933,63.4387668794472,73.92720157259299,81.94314778415406,-194253.88,22222.22
934,61.806644035150455,91.65451064690254,107.89078614383422,1169966.09,100000.0
935,62.098800147407445,80.9635086284219,84.18855389974289,-76649.5,22222.22
936,49.34252199920129,89.27460225632915,77.91902351549355,1260270.72,100000.0
937,65.49234165336097,85.05413752864018,84.0074897157404,-112563.52,22222.22
938,56.18665295157358,105.64966216667997,82.26943648799775,1464999.78,100000.0
939,70.9953422608752,97.3273658590644,89.09756718235079,-72530.65,22222.22
940,62.21239888390512,93.54417568394626,68.61478307556231,-74496.57,22222.22
941,58.32669963509546,97.60642174065889,84.5843739404701,970072.1,100000.0
942,51.56886091917855,89.52835994480277,99.48489688817168,1803861.5,100000.0
943,67.48135029320832,89.44196391570571,93.08731885499374,-15190.49,100000.0
944,57.80095787779169,74.66515571855953,77.14203910089878,-98931.65,22222.22
945,69.37733261104918,87.53406226353626,82.93123617531235,-182468.27,22222.22
946,58.20097082235072,107.13722930615707,98.82065078057754,1909801.01,100000.0
947,73.3126814006888,88.56859310639953,87.51280815435031,-223940.7,22222.22
948,50.90014470347525,103.29240983506448,75.07387381422255,1635729.56,100000.0
949,61.300653382575774,80.1242772513044,79.99463197272108,-99924.61,22222.22
950,54.9764254137018,84.52912265391764,80.41745702323368,570778.97,100000.0
951,56.71038723044954,97.50000520602276,75.60866625896858,812764.83,100000.0
952,61.3232485620832,100.96163237075002,80.63783090163614,683272.68,100000.0
953,55.69248665551439,87.92527837337774,95.02766427106604,1163357.11,100000.0
954,61.16464578572015,85.21907134853161,89.11295153509833,287346.94,100000.0
955,53.386247100981464,96.13223559398654,88.47316211546503,1533886.57,100000.0
956,58.153149173166696,82.45272781397492,77.46321216059061,56270.26,100000.0
957,63.20890401807546,101.06082452240156,79.58288415025524,462247.65,100000.0
958,62.750320221308904,71.21675683258138,80.0307492894138,-220933.72,22222.22
959,59.81364640277459,81.8128492471635,77.03969581428844,-72977.13,22222.22
960,55.99332266118668,92.62973455493736,83.40770334354582,938275.41,100000.0
961,46.57061260005017,70.9136986262844,79.84164598821401,778512.79,100000.0
962,62.746119516321315,65.27245641547289,80.75229350271114,-274671.36,22222.22
963,56.842512860895475,102.49504000387603,81.72731460044066,1238481.53,100000.0
964,62.29793390844557,91.27131426078716,66.89018492163879,-112539.51,22222.22
965,64.60924329979042,91.93856854910659,89.32028343723401,252521.18,100000.0
966,83.55742623861796,71.2429835445127,99.65992152296943,-530380.25,22222.22
967,58.275314883597865,92.58596013962709,84.61314591493944,750296.82,100000.0
968,57.45458199961174,84.87150364585118,87.80082425237057,596788.31,100000.0
969,50.89695781996993,96.75521250769589,81.46234755847534,1565470.95,100000.0
970,53.219583965757856,85.94988427803767,95.68576834333187,1344788.29,100000.0
971,56.78798947790266,93.22608256388658,78.78687165641848,723915.28,100000.0
972,64.54753109954171,96.16956964911184,100.7131750830195,847838.65,100000.0
973,58.946616327004705,96.01789324282116,85.83357408608103,880318.66,100000.0
974,67.77523069117808,83.53050851152143,91.33254515945688,-121558.02,22222.22
975,58.83181622329991,89.42230640602352,85.77989611781116,593118.53,100000.0
976,61.513442378560065,88.95393861190237,86.82506205694948,340460.17,100000.0
977,69.4687083453731,98.86904717053696,92.38781403622362,185809.78,100000.0
978,57.266762843856775,81.99683254594508,93.1200547450209,672383.1,100000.0
979,65.25628075517876,103.25403608175884,79.86616467926154,366119.31,100000.0
980,58.62270806783792,75.24464253727109,81.66399559848259,-76227.12,22222.22
981,65.97942306347669,85.80154158694621,90.444078259207,-65851.15,22222.22
982,58.85698136401313,92.91651325399404,75.24462318656683,379106.77,100000.0
983,60.511256697803404,63.07977626189349,83.41138265562313,-226252.74,22222.22
984,50.21716053770916,100.85395064892134,91.60796249849835,2172990.41,100000.0
985,62.80002589179649,103.68905604443442,76.93420957298889,528702.27,100000.0
986,70.48417918749335,98.38972407834346,82.98928005863895,-98056.79,22222.22
987,66.81372088309766,80.04335838829529,77.99162962701477,-238825.32,22222.22
988,56.348461660561796,85.23920062742386,76.01926003653784,311591.96,100000.0
989,67.33849840257196,87.67031039667151,87.99629223103348,-96403.48,22222.22
990,56.577891801517914,73.61457029506334,87.29548754632708,160208.55,100000.0
991,48.52647014748134,89.38229358523078,73.3693221699211,1187482.47,100000.0
992,71.92365599538485,98.2022644995725,85.89890722580758,-109289.32,22222.22
993,67.582240065928,82.38315620280838,89.61957471869579,-142065.97,22222.22
994,61.19886260231228,92.37618073200304,95.81500475090752,840567.04,100000.0
995,64.39495261667881,92.59851296542521,70.93345679205949,-114420.26,22222.22
996,54.23972222832322,88.89561959763849,85.79366518135154,1029108.94,100000.0
997,53.21877765195646,111.70509008020579,97.88934946965537,2580978.52,100000.0
998,63.6127099223549,90.6483317515537,83.19622375584021,79771.77,100000.0
999,54.288489239866585,90.69732466666976,87.19089659121337,1154212.07,100000.0
1000,52.549436547110254,93.00758775520407,83.68029808498963,1309208.23,100000.0
